id	feature	auc	p_value	p_adjusted	cohens_d	n_pos	n_neg	ci_lower	ci_upper	status	description	round
20000	lfhf_21d_slope × rmssd_7d_std	0.7126	0.014985	0.024975	1.0382	85	128	0.6396	0.7835	DISCARD	R2 Interaction: lfhf_21d_slope x rmssd_7d_std | Interaction between LF/HF slope over 21 days and RMSSD standard deviation over 7 days, considering both have shown strong individual effects in prior rounds.	1
20001	rmssd_7d_std × sleep_qual_21d_mean	0.5968	0.005994	0.024975	0.9921	83	152	0.5129	0.6716	DISCARD	R2 Interaction: rmssd_7d_std x sleep_qual_21d_mean | Combining RMSSD standard deviation over 7 days with mean sleep quality over 21 days to explore potential synergistic effects on depression scores.	1
20002	lfhf_21d_slope × sleep_onset_sd_21d	0.6729	0.012987	0.024975	1.0571	60	93	0.5898	0.7533	DISCARD	R2 Interaction: lfhf_21d_slope x sleep_onset_sd_21d | Examining the interaction between LF/HF slope over 21 days and standard deviation of sleep onset over 21 days, focusing on their potential combined impact on depressive symptoms.	1
20003	rmssd_7d_std × lfhf_7d_slope	0.4743	0.033966	0.033966	0.6775	278	514	0.4284	0.5168	DISCARD	R2 Interaction: rmssd_7d_std x lfhf_7d_slope | Investigating the interaction between RMSSD standard deviation over 7 days and LF/HF slope over 7 days, considering the potential for these features to collectively predict depression outcomes.	1
20004	rmssd_7d_std × sleep_dur_3d_autocorr	0.477	0.033966	0.033966	0.6483	257	482	0.4321	0.5204	DISCARD	R2 Interaction: rmssd_7d_std x sleep_dur_3d_autocorr | Testing the interaction between RMSSD standard deviation over 7 days and autocorrelation of sleep duration over 3 days, aiming to understand how these variables might jointly influence depression severity.	1
20006	lfhf_21d_slope × rmssd_7d_std	0.7126	0.014985	0.024975	1.0382	85	128	0.6433	0.7792	DISCARD	R2 Interaction: lfhf_21d_slope x rmssd_7d_std | Investigating the interaction between LF/HF slope over 21 days and RMSSD standard deviation over 7 days to identify potential combined effects on PHQ-9 scores	2
20007	rmssd_7d_std × sleep_onset_sd_21d	0.5555	0.007992	0.024975	0.9921	83	152	0.4739	0.6353	DISCARD	R2 Interaction: rmssd_7d_std x sleep_onset_sd_21d | Examining the interaction between RMSSD standard deviation over 7 days and sleep onset standard deviation over 21 days to understand its impact on depressive symptoms	2
20008	lfhf_21d_slope × sleep_qual_21d_mean	0.7602	0.013986	0.024975	1.0571	60	93	0.6815	0.8297	DISCARD	R2 Interaction: lfhf_21d_slope x sleep_qual_21d_mean | Testing the interaction between LF/HF slope over 21 days and mean sleep quality over 21 days to identify potential correlations with PHQ-9 scores	2
20009	rmssd_7d_std × lfhf_7d_slope	0.4743	0.02997	0.02997	0.6775	278	514	0.429	0.5168	DISCARD	R2 Interaction: rmssd_7d_std x lfhf_7d_slope | Analyzing the interaction between RMSSD standard deviation over 7 days and LF/HF slope over 7 days to understand its relationship with depressive symptoms	2
20010	lfhf_21d_slope × rmssd_14d_std	0.692	0.01998	0.024975	1.0382	85	128	0.6194	0.7546	DISCARD	R2 Interaction: lfhf_21d_slope x rmssd_14d_std | Investigating the interaction between LF/HF slope over 21 days and RMSSD standard deviation over 14 days to identify potential combined effects on PHQ-9 scores	2
20012	lfhf_21d_slope × rmssd_14d_std	0.692	0.014985	0.037462	1.0382	85	128	0.6191	0.7569	DISCARD	R2 Interaction: lfhf_21d_slope x rmssd_14d_std | Interacting LF/HF slope over 21 days with RMSSD standard deviation over 14 days to capture the dynamic relationship between autonomic nervous system balance and heart rate variability.	3
20013	rmssd_7d_std × lfhf_14d_slope	0.622	0.024975	0.041625	0.7318	169	277	0.5692	0.6759	DISCARD	R2 Interaction: rmssd_7d_std x lfhf_14d_slope | Examining the interaction between RMSSD standard deviation over 7 days and LF/HF slope over 14 days to understand how short-term heart rate variability relates to longer-term autonomic nervous system adaptations.	3
20014	lfhf_21d_slope × rmssd_7d_std	0.7126	0.014985	0.037462	1.0382	85	128	0.6451	0.7802	DISCARD	R2 Interaction: lfhf_21d_slope x rmssd_7d_std | Although this interaction has been tested, reevaluation is warranted due to its high effect size and relevance to autonomic nervous system dynamics and heart rate variability.	3
20015	rmssd_21d_slope × lfhf_14d_std	0.3291	0.886114	0.886114	0.0627	85	128	0.2566	0.4037	DISCARD	R2 Interaction: rmssd_21d_slope x lfhf_14d_std | Investigating the interaction between the slope of RMSSD over 21 days and the standard deviation of LF/HF over 14 days to uncover how changes in heart rate variability relate to autonomic function.	3
20016	rmssd_14d_std × lfhf_7d_slope	0.3939	0.038961	0.048701	0.6751	169	277	0.3361	0.4518	DISCARD	R2 Interaction: rmssd_14d_std x lfhf_7d_slope | Analyzing the interaction between RMSSD standard deviation over 14 days and LF/HF slope over 7 days to understand the short-term dynamics of autonomic nervous system balance and heart rate variability.	3
20018	lfhf_14d_slope	0.5079	0.015984	0.047952	0.8393	169	277	0.4517	0.5582	DISCARD	R2 Single: lfhf_14d_slope | Investigating the interaction between LF/HF slope over 14 days and RMSSD standard deviation over 10 days, focusing on the potential relationship between autonomic nervous system balance and heart rate variability	4
20020	composite_r2_20020	0.0467	0.257742	0.257742	0.3198	351	680	0.0345	0.0593	DISCARD	R2 Composite (rmssd_7d_std+sleep_onset_sd_21d): Creating a composite feature that combines RMSSD standard deviation over 7 days and sleep onset standard deviation over 21 days, aiming to capture the interaction between heart rate variability and sleep patterns	4
20021	rmssd_14d_autocorr	0.5206	0.162837	0.244256	0.4791	169	277	0.4669	0.5761	DISCARD	R2 Single: rmssd_14d_autocorr | Examining the interaction between RMSSD autocorrelation over 14 days and LF/HF slope over 10 days, exploring the potential relationship between heart rate variability patterns and autonomic nervous system balance	4
20024	lfhf_14d_slope	0.5079	0.013986	0.027972	0.8393	169	277	0.4551	0.559	DISCARD	R2 Single: lfhf_14d_slope | Interacting LF/HF slope over 14 days with RMSSD standard deviation over 10 days to capture the relationship between autonomic nervous system balance and heart rate variability	5
20026	composite_r2_20026	0.0467	0.296703	0.296703	0.3198	351	680	0.0342	0.0601	DISCARD	R2 Composite (rmssd_7d_std+sleep_onset_sd_21d): Creating a composite feature that combines RMSSD standard deviation and sleep onset standard deviation to capture the relationship between heart rate variability and sleep quality	5
20032	composite_r2_20032	0.0467	0.316683	0.316683	0.3198	351	680	0.0345	0.0604	DISCARD	R2 Composite (rmssd_7d_std+sleep_onset_sd_21d): Creating a composite feature that combines RMSSD standard deviation over 7 days and sleep onset standard deviation over 21 days, as both features have shown promise in previous rounds and may have a complementary effect.	6
20033	rmssd_14d_autocorr × lfhf_14d_slope	0.6142	0.151848	0.303696	0.4791	169	277	0.5661	0.6638	DISCARD	R2 Interaction: rmssd_14d_autocorr x lfhf_14d_slope | Examining the interaction between RMSSD autocorrelation over 14 days and LF/HF slope over 14 days, as this may reveal more complex patterns in the data.	6
20037	lfhf_14d_slope × rmssd_14d_autocorr	0.6142	0.016983	0.050949	0.8393	169	277	0.5621	0.6654	DISCARD	R2 Interaction: lfhf_14d_slope x rmssd_14d_autocorr | Examining the interaction between LF/HF slope over 14 days and RMSSD autocorrelation over 14 days, considering the potential impact of these features on depression severity	7
20039	composite_r2_20039	0.0467	0.296703	0.296703	0.3198	351	680	0.0347	0.0599	DISCARD	R2 Composite (rmssd_7d_std+sleep_onset_sd_21d): Creating a composite feature that combines RMSSD standard deviation over 7 days and sleep onset standard deviation over 21 days, considering the potential cumulative effect of these features on depression severity	7
20040	lfhf_7d_slope × hr_7d_std	0.2864	0.120879	0.181319	0.4644	278	514	0.2473	0.3283	DISCARD	R2 Interaction: lfhf_7d_slope x hr_7d_std | Investigating the interaction between LF/HF slope over 7 days and heart rate standard deviation over 7 days, focusing on the potential relationship between autonomic nervous system activity and cardiac functioning	7
20042	lfhf_14d_slope	0.5079	0.012987	0.051948	0.8393	169	277	0.4559	0.5602	DISCARD	R2 Single: lfhf_14d_slope | Investigating the interaction between LF/HF slope over 14 days and RMSSD standard deviation over 10 days to capture the relationship between parasympathetic activity and heart rate variability.	8
20043	rmssd_7d_autocorr	0.4201	0.067932	0.135864	0.5519	278	514	0.3824	0.4601	DISCARD	R2 Single: rmssd_7d_autocorr | Examining the interaction between RMSSD autocorrelation over 7 days and LF/HF slope over 10 days to understand the interplay between vagal tone and sympathovagal balance.	8
20045	composite_r2_20045	0.0467	0.293706	0.293706	0.3198	351	680	0.0353	0.0611	DISCARD	R2 Composite (rmssd_7d_std+sleep_onset_sd_21d): Creating a composite feature that combines RMSSD standard deviation over 7 days and sleep onset standard deviation over 21 days to assess the joint impact of heart rate variability and sleep consistency on depression.	8
20046	lfhf_7d_slope × hr_7d_std	0.2864	0.133866	0.178488	0.4644	278	514	0.2475	0.3248	DISCARD	R2 Interaction: lfhf_7d_slope x hr_7d_std | Investigating the interaction between LF/HF slope over 7 days and heart rate standard deviation over 7 days to understand the relationship between sympathovagal balance and cardiac autonomic function.	8
20048	composite_r2_20048	0.1745	0.088911	0.531468	0.521	448	867	0.1485	0.1998	DISCARD	R2 Composite (rmssd_7d_std+lfhf_21d_slope+sleep_onset_sd_21d): Composite biomarker 'CardioSleepStress' combining RMSSD standard deviation over 7 days, sleep onset standard deviation over 21 days, and LF/HF slope over 21 days to capture the interplay between cardiac autonomic function, sleep variability, and stress regulation.	9
20049	composite_r2_20049	0.0246	0.629371	0.920223	0.1471	315	623	0.0171	0.0333	DISCARD	R2 Composite (rmssd_14d_autocorr+lfhf_14d_slope+sleep_qual_21d_mean): Composite biomarker 'AutonomicSleepQuality' combining RMSSD autocorrelation over 14 days, sleep quality mean over 21 days, and LF/HF slope over 14 days to reflect the relationship between autonomic nervous system function, sleep quality, and stress.	9
20050	composite_r2_20050	0.0	0.228771	0.531468	0.3553	437	822	0.0	0.0	DISCARD	R2 Composite (rmssd_7d_std+hr_7d_std+sleep_dur_3d_autocorr): Composite biomarker 'CardiovascularSleep' combining heart rate standard deviation over 7 days, RMSSD standard deviation over 7 days, and sleep duration autocorrelation over 3 days to capture the interplay between cardiovascular function, autonomic nervous system activity, and sleep patterns.	9
20051	composite_r2_20051	0.0601	0.217782	0.531468	0.3843	313	646	0.0406	0.081	DISCARD	R2 Composite (rmssd_21d_slope+lfhf_21d_slope+sleep_onset_sd_21d): Composite biomarker 'StressRegulation' combining LF/HF slope over 21 days, RMSSD slope over 21 days, and sleep onset standard deviation over 21 days to reflect the relationship between stress regulation, autonomic nervous system function, and sleep variability.	9
20052	composite_r2_20052	0.0011	0.951049	0.951049	0.0177	315	623	0.0003	0.002	DISCARD	R2 Composite (rmssd_14d_cv+lfhf_14d_cv+sleep_qual_21d_mean): Composite biomarker 'AutonomicSleepCV' combining RMSSD coefficient of variation over 14 days, sleep quality mean over 21 days, and LF/HF coefficient of variation over 14 days to capture the interplay between autonomic nervous system function, sleep quality, and cardiovascular variability.	9
20053	composite_r2_20053	0.0	0.805195	0.920223	0.0687	456	869	0.0	0.0	DISCARD	R2 Composite (rmssd_14d_mean+hr_14d_mean+sleep_dur_3d_mean): Composite biomarker 'CardiovascularSleepMean' combining heart rate mean over 14 days, RMSSD mean over 14 days, and sleep duration mean over 3 days to reflect the relationship between cardiovascular function, autonomic nervous system activity, and sleep patterns.	9
20054	composite_r2_20054	0.0	0.718282	0.920223	0.1059	306	599	0.0	0.0	DISCARD	R2 Composite (rmssd_7d_slope+lfhf_7d_slope): Composite biomarker 'StressSleepLatency' combining LF/HF slope over 7 days, RMSSD slope over 7 days, and sleep latency coefficient of variation over 21 days to capture the interplay between stress regulation, autonomic nervous system function, and sleep latency variability.	9
20055	composite_r2_20055	0.0438	0.265734	0.531468	0.3315	313	646	0.0291	0.0605	DISCARD	R2 Composite (rmssd_21d_autocorr+lfhf_21d_autocorr+sleep_onset_sd_21d): Composite biomarker 'AutonomicSleepOnset' combining RMSSD autocorrelation over 21 days, sleep onset standard deviation over 21 days, and LF/HF autocorrelation over 21 days to reflect the relationship between autonomic nervous system function, sleep onset variability, and stress regulation.	9
20057	composite_r2_20057	0.0086	0.264735	0.661838	0.3496	381	731	0.0054	0.0126	DISCARD	R2 Composite (rmssd_7d_slope+lfhf_14d_mean): This composite, named 'CardioSleepStressIndex', combines the slope of RMSSD over 7 days, reflecting autonomic nervous system adaptability, with the variability of sleep latency over 21 days, indicating sleep quality and stress resilience. The division by the mean LF/HF ratio over 14 days Normalizes this index by overall autonomic balance, potentially highlighting individuals with poor stress regulation and sleep disturbances.	10
20058	composite_r2_20058	0.0246	0.619381	0.774226	0.1471	315	623	0.0174	0.0333	DISCARD	R2 Composite (rmssd_14d_autocorr+lfhf_14d_slope+sleep_qual_21d_mean): The 'AutonomicSleepQualityScore' combines the slope of LF/HF ratio over 14 days, indicating sympathovagal balance changes, with the autocorrelation of RMSSD over 14 days, reflecting heart rate variability patterns. This sum is then multiplied by the mean sleep quality over 21 days, potentially creating a biomarker that integrates autonomic function, sleep quality, and their interaction.	10
20059	composite_r2_20059	0.0027	0.904096	0.904096	0.0313	351	680	0.0008	0.0051	DISCARD	R2 Composite (rmssd_7d_mean+hr_7d_cv+sleep_onset_sd_21d): This 'CardiovascularSleepVariabilityIndex' combines the coefficient of variation of heart rate over 7 days, reflecting heart rate variability, with the standard deviation of sleep onset over 21 days, indicating sleep schedule consistency. Dividing this product by the mean RMSSD over 7 days normalizes it by parasympathetic activity level, potentially offering insights into how cardiovascular variability and sleep regularity interact.	10
20060	composite_r2_20060	0.0053	0.495504	0.774226	0.2072	315	623	0.0027	0.0087	DISCARD	R2 Composite (rmssd_14d_autocorr+lfhf_14d_slope+sleep_dur_21d_mean): The 'StressRegulationAndSleepDurationScore' integrates the autocorrelation of RMSSD over 14 days, a marker of parasympathetic nervous system function, with the slope of LF/HF ratio over 14 days, reflecting sympathovagal balance. Multiplying this sum by the mean sleep duration over 21 days incorporates the effect of sleep quantity on stress regulation and autonomic balance, potentially creating a comprehensive biomarker.	10
20061	composite_r2_20061	0.0	0.215784	0.661838	0.3851	306	599	0.0	0.0	DISCARD	R2 Composite (rmssd_7d_std+lfhf_7d_slope): Named 'AutonomicStressAndSleepLatencyIndex', this composite combines the slope of LF/HF ratio over 7 days, indicating short-term changes in sympathovagal balance, with the standard deviation of RMSSD over 7 days, reflecting short-term heart rate variability. Dividing this product by the variability of sleep latency over 21 days normalizes it by long-term sleep consistency, potentially highlighting the interplay between autonomic stress responses and sleep latency.	10
20063	composite_r2_20063	0.0159	0.318681	0.813587	0.3119	434	825	0.0094	0.024	DISCARD	R2 Composite (rmssd_7d_slope+lfhf_14d_slope+sleep_qual_14d_mean+sleep_dur_7d_std): This composite, named 'CardioSleepStressIndex', combines the slope of RMSSD over 7 days with the standard deviation of sleep duration over 7 days, and the slope of LF/HF over 14 days with the mean sleep quality over 14 days, to capture the interaction between autonomic function, sleep variability, and sleep quality.	11
20064	composite_r2_20064	0.0016	0.927073	0.927073	0.0301	340	659	0.0003	0.0036	DISCARD	R2 Composite (rmssd_14d_autocorr+hr_14d_slope+sleep_onset_sd_21d+sleep_lat_14d_cv): The 'AutonomicSleepQualityScore' combines the autocorrelation of RMSSD over 14 days with the standard deviation of sleep onset over 21 days, and the slope of heart rate over 14 days with the coefficient of variation of sleep latency over 14 days, to assess the relationship between autonomic function, sleep timing, and sleep quality.	11
20065	composite_r2_20065	0.0074	0.508492	0.813587	0.2057	414	785	0.0028	0.0129	DISCARD	R2 Composite (rmssd_7d_std+lfhf_7d_slope+sleep_qual_7d_mean+sleep_dur_7d_mean): This 'CardiovascularSleepVariabilityIndex' combines the slope of LF/HF over 7 days with the standard deviation of RMSSD over 7 days, and the mean sleep duration over 7 days with the mean sleep quality over 7 days, to capture the interaction between autonomic function, sleep variability, and sleep quality.	11
20066	composite_r2_20066	0.0072	0.746254	0.852862	0.0924	313	646	0.0041	0.011	DISCARD	R2 Composite (rmssd_21d_slope+hr_21d_slope+sleep_onset_sd_21d+sleep_lat_21d_cv): The 'StressRegulationAndSleepDurationScore' integrates the slope of RMSSD over 21 days with the coefficient of variation of sleep latency over 21 days, and the slope of heart rate over 21 days with the standard deviation of sleep onset over 21 days, to evaluate the relationship between autonomic function, sleep timing, and stress regulation.	11
20067	composite_r2_20067	0.0285	0.262737	0.813587	0.3267	340	660	0.0195	0.0393	DISCARD	R2 Composite (rmssd_14d_autocorr+lfhf_14d_slope+sleep_qual_14d_mean+sleep_dur_14d_std): Named 'AutonomicStressAndSleepLatencyIndex', this composite combines the slope of LF/HF over 14 days with the autocorrelation of RMSSD over 14 days, and the mean sleep quality over 14 days with the standard deviation of sleep duration over 14 days, to assess the interaction between autonomic function, sleep variability, and stress regulation.	11
20068	composite_r2_20068	0.0135	0.466533	0.813587	0.224	414	783	0.0076	0.0213	DISCARD	R2 Composite (rmssd_7d_std+hr_7d_slope+sleep_onset_sd_21d+sleep_lat_7d_cv): This 'CardioSleepStressIndex2' combines the standard deviation of RMSSD over 7 days with the standard deviation of sleep onset over 21 days, and the slope of heart rate over 7 days with the coefficient of variation of sleep latency over 7 days, to capture the interaction between autonomic function, sleep timing, and stress regulation.	11
20069	composite_r2_20069	0.003	0.674326	0.852862	0.1286	313	646	0.0014	0.0049	DISCARD	R2 Composite (rmssd_21d_autocorr+lfhf_21d_slope+sleep_qual_21d_mean+sleep_dur_21d_mean): The 'AutonomicSleepQualityScore2' combines the slope of LF/HF over 21 days with the autocorrelation of RMSSD over 21 days, and the mean sleep duration over 21 days with the mean sleep quality over 21 days, to assess the relationship between autonomic function, sleep variability, and sleep quality.	11
20070	composite_r2_20070	0.0612	0.258741	0.813587	0.3371	340	660	0.0462	0.0774	DISCARD	R2 Composite (rmssd_14d_slope+hr_14d_slope+sleep_onset_sd_14d+sleep_lat_14d_cv): This 'CardiovascularSleepVariabilityIndex2' combines the slope of RMSSD over 14 days with the coefficient of variation of sleep latency over 14 days, and the slope of heart rate over 14 days with the standard deviation of sleep onset over 14 days, to capture the interaction between autonomic function, sleep timing, and sleep quality.	11
20072	composite_r2_20072	0.0532	0.113886	0.468531	0.4957	405	784	0.0398	0.0655	DISCARD	R2 Composite (rmssd_7d_slope+lfhf_14d_slope+sleep_onset_sd_21d): This composite, named 'AutonomicSleepStressIndex', combines the slope of RMSSD over 7 days, the standard deviation of sleep onset over 21 days, and the slope of LF/HF over 14 days. The clinical logic behind this composite is that it captures the interaction between autonomic nervous system activity (RMSSD), sleep variability (sleep onset), and sympathetic-vagal balance (LF/HF). This index may provide a comprehensive biomarker for stress and sleep regulation.	12
20073	composite_r2_20073	0.0027	0.448551	0.468531	0.232	457	871	0.0012	0.0047	DISCARD	R2 Composite (rmssd_14d_autocorr+hr_7d_slope+sleep_dur_3d_std): This composite, named 'CardioSleepStressIndex2', combines the autocorrelation of RMSSD over 14 days, the standard deviation of sleep duration over 3 days, and the slope of heart rate over 7 days. The clinical logic behind this composite is that it captures the interaction between autonomic nervous system activity (RMSSD), sleep duration variability (sleep duration), and cardiovascular activity (heart rate). This index may provide a comprehensive biomarker for cardiovascular and sleep regulation.	12
20074	composite_r2_20074	0.1409	0.11988	0.468531	0.4885	448	867	0.1184	0.1627	DISCARD	R2 Composite (rmssd_7d_std+lfhf_21d_slope+sleep_qual_21d_mean): This composite, named 'AutonomicSleepQualityIndex', combines the slope of LF/HF over 21 days, the standard deviation of RMSSD over 7 days, and the mean of sleep quality over 21 days. The clinical logic behind this composite is that it captures the interaction between sympathetic-vagal balance (LF/HF), autonomic nervous system activity (RMSSD), and sleep quality. This index may provide a comprehensive biomarker for sleep quality and autonomic regulation.	12
20075	composite_r2_20075	0.0	0.370629	0.468531	0.2657	447	859	0.0	0.0	DISCARD	R2 Composite (rmssd_3d_slope+lfhf_14d_autocorr): This composite, named 'StressRegulationIndex', combines the slope of RMSSD over 3 days, the coefficient of variation of sleep latency, and the autocorrelation of LF/HF over 14 days. The clinical logic behind this composite is that it captures the interaction between autonomic nervous system activity (RMSSD), sleep latency variability (sleep latency), and sympathetic-vagal balance (LF/HF). This index may provide a comprehensive biomarker for stress regulation and sleep.	12
20076	composite_r2_20076	0.0098	0.43956	0.468531	0.2399	405	784	0.0054	0.0149	DISCARD	R2 Composite (rmssd_14d_slope+hr_7d_std+sleep_onset_sd_21d): This composite, named 'CardiovascularSleepOnsetIndex', combines the standard deviation of heart rate over 7 days, the standard deviation of sleep onset over 21 days, and the slope of RMSSD over 14 days. The clinical logic behind this composite is that it captures the interaction between cardiovascular activity (heart rate), sleep onset variability (sleep onset), and autonomic nervous system activity (RMSSD). This index may provide a comprehensive biomarker for cardiovascular and sleep regulation.	12
20077	composite_r2_20077	0.0034	0.457542	0.468531	0.2325	446	845	0.0018	0.0052	DISCARD	R2 Composite (rmssd_7d_autocorr+lfhf_7d_slope+sleep_dur_3d_mean): This composite, named 'AutonomicSleepDurationIndex', combines the slope of LF/HF over 7 days, the autocorrelation of RMSSD over 7 days, and the mean of sleep duration over 3 days. The clinical logic behind this composite is that it captures the interaction between sympathetic-vagal balance (LF/HF), autonomic nervous system activity (RMSSD), and sleep duration. This index may provide a comprehensive biomarker for sleep duration and autonomic regulation.	12
20078	composite_r2_20078	0.1191	0.320679	0.468531	0.3073	378	755	0.0952	0.1435	DISCARD	R2 Composite (rmssd_14d_cv+lfhf_21d_autocorr+sleep_qual_21d_mean): This composite, named 'StressRegulationAndSleepQualityIndex', combines the coefficient of variation of RMSSD over 14 days, the mean of sleep quality over 21 days, and the autocorrelation of LF/HF over 21 days. The clinical logic behind this composite is that it captures the interaction between autonomic nervous system activity (RMSSD), sleep quality, and sympathetic-vagal balance (LF/HF). This index may provide a comprehensive biomarker for stress regulation and sleep quality.	12
20079	composite_r2_20079	0.0037	0.468531	0.468531	0.2199	381	731	0.0016	0.0065	DISCARD	R2 Composite (rmssd_7d_std+hr_14d_slope): This composite, named 'CardiovascularSleepLatencyIndex', combines the slope of heart rate over 14 days, the coefficient of variation of sleep latency, and the standard deviation of RMSSD over 7 days. The clinical logic behind this composite is that it captures the interaction between cardiovascular activity (heart rate), sleep latency variability (sleep latency), and autonomic nervous system activity (RMSSD). This index may provide a comprehensive biomarker for cardiovascular and sleep regulation.	12
20081	composite_r2_20081	0.0601	0.197802	0.316483	0.3843	313	646	0.0412	0.0812	DISCARD	R2 Composite (rmssd_21d_slope+lfhf_21d_slope+sleep_onset_sd_21d): This composite, named 'AutonomicSleepStressIndex2', combines the slope of RMSSD over 21 days, sleep onset standard deviation over 21 days, and the slope of LF/HF over 21 days. The clinical logic is that it reflects the interaction between autonomic nervous system function, sleep variability, and stress regulation. By combining these features, we can capture the complex relationships between these domains and their impact on depression.	13
20082	composite_r2_20082	0.1299	0.13986	0.301698	0.4537	448	867	0.1068	0.1521	DISCARD	R2 Composite (rmssd_7d_autocorr+hr_21d_slope+sleep_qual_21d_mean): This composite, named 'CardioSleepQualityIndex', combines the autocorrelation of RMSSD over 7 days, sleep quality mean over 21 days, and the slope of heart rate over 21 days. The clinical logic is that it reflects the interaction between autonomic nervous system function, sleep quality, and cardiovascular regulation. By combining these features, we can capture the complex relationships between these domains and their impact on depression.	13
20083	composite_r2_20083	0.0923	0.258741	0.344988	0.3437	363	723	0.0693	0.1165	DISCARD	R2 Composite (rmssd_14d_std+lfhf_21d_slope): This composite, named 'StressRegulationAndSleepLatencyIndex', combines the slope of LF/HF over 21 days, RMSSD standard deviation over 14 days, and sleep latency coefficient of variation. The clinical logic is that it reflects the interaction between stress regulation, autonomic nervous system function, and sleep latency. By combining these features, we can capture the complex relationships between these domains and their impact on depression.	13
20084	composite_r2_20084	0.0114	0.715285	0.817469	0.1094	378	755	0.0072	0.0162	DISCARD	R2 Composite (rmssd_21d_autocorr+lfhf_14d_slope+sleep_onset_sd_21d): This composite, named 'AutonomicSleepStressIndex3', combines the autocorrelation of RMSSD over 21 days, sleep onset standard deviation over 21 days, and the slope of LF/HF over 14 days. The clinical logic is that it reflects the interaction between autonomic nervous system function, sleep variability, and stress regulation. By combining these features, we can capture the complex relationships between these domains and their impact on depression.	13
20085	composite_r2_20085	0.1299	0.150849	0.301698	0.4537	448	867	0.1099	0.1516	DISCARD	R2 Composite (rmssd_7d_autocorr+hr_21d_slope+sleep_qual_21d_mean): This composite, named 'CardioSleepQualityIndex2', combines the slope of heart rate over 21 days, sleep quality mean over 21 days, and the autocorrelation of RMSSD over 7 days. The clinical logic is that it reflects the interaction between cardiovascular regulation, sleep quality, and autonomic nervous system function. By combining these features, we can capture the complex relationships between these domains and their impact on depression.	13
20086	composite_r2_20086	0.0011	0.951049	0.951049	0.0229	363	723	0.0002	0.0027	DISCARD	R2 Composite (rmssd_21d_std+lfhf_14d_slope): This composite, named 'StressRegulationAndSleepLatencyIndex2', combines the slope of LF/HF over 14 days, RMSSD standard deviation over 21 days, and sleep latency coefficient of variation. The clinical logic is that it reflects the interaction between stress regulation, autonomic nervous system function, and sleep latency. By combining these features, we can capture the complex relationships between these domains and their impact on depression.	13
20087	composite_r2_20087	0.2527	0.017982	0.143856	0.6808	378	755	0.219	0.2872	DISCARD	R2 Composite (rmssd_14d_autocorr+lfhf_21d_slope+sleep_onset_sd_21d): This composite, named 'AutonomicSleepStressIndex4', combines the autocorrelation of RMSSD over 14 days, sleep onset standard deviation over 21 days, and the slope of LF/HF over 21 days. The clinical logic is that it reflects the interaction between autonomic nervous system function, sleep variability, and stress regulation. By combining these features, we can capture the complex relationships between these domains and their impact on depression.	13
20088	composite_r2_20088	0.1939	0.10989	0.301698	0.5085	378	755	0.1641	0.2237	DISCARD	R2 Composite (rmssd_21d_autocorr+hr_14d_slope+sleep_qual_21d_mean): This composite, named 'CardioSleepQualityIndex3', combines the slope of heart rate over 14 days, sleep quality mean over 21 days, and the autocorrelation of RMSSD over 21 days. The clinical logic is that it reflects the interaction between cardiovascular regulation, sleep quality, and autonomic nervous system function. By combining these features, we can capture the complex relationships between these domains and their impact on depression.	13
20090	composite_r2_20090	0.0	0.445554	0.548023	0.2271	469	894	0.0	0.0001	DISCARD	R2 Composite (rmssd_7d_slope+lfhf_21d_slope+sleep_dur_3d_autocorr): This composite, named 'AutonomicSleepStressIndex5', combines the slope of RMSSD over 7 days, the slope of LF/HF over 21 days, and the autocorrelation of sleep duration over 3 days. The clinical logic is to capture the interaction between autonomic nervous system activity, sleep quality, and stress regulation.	14
20091	composite_r2_20091	0.1539	0.198801	0.548023	0.3747	378	755	0.1265	0.1836	DISCARD	R2 Composite (rmssd_14d_std+lfhf_21d_slope+sleep_onset_sd_21d): This composite, named 'StressRegulationAndSleepOnsetIndex', combines the standard deviation of RMSSD over 14 days, the standard deviation of sleep onset over 21 days, and the slope of LF/HF over 21 days. The clinical logic is to capture the interaction between stress regulation, sleep onset, and autonomic nervous system activity.	14
20092	composite_r2_20092	0.1053	0.325674	0.548023	0.3008	405	784	0.086	0.1258	DISCARD	R2 Composite (rmssd_7d_autocorr+lfhf_14d_autocorr+sleep_qual_21d_mean): This composite, named 'AutonomicSleepQualityIndex2', combines the autocorrelation of RMSSD over 7 days, the autocorrelation of LF/HF over 14 days, and the mean of sleep quality over 21 days. The clinical logic is to capture the interaction between autonomic nervous system activity, sleep quality, and stress regulation.	14
20093	composite_r2_20093	0.0	0.995005	0.995005	0.0036	293	611	0.0	0.0	DISCARD	R2 Composite (rmssd_21d_slope+lfhf_21d_slope): This composite, named 'StressRegulationAndSleepLatencyIndex2', combines the slope of RMSSD over 21 days, the coefficient of variation of sleep latency, and the slope of LF/HF over 21 days. The clinical logic is to capture the interaction between stress regulation, sleep latency, and autonomic nervous system activity.	14
20094	composite_r2_20094	0.0	0.477522	0.548023	0.2182	445	844	0.0	0.0	DISCARD	R2 Composite (rmssd_14d_std+lfhf_14d_std+sleep_dur_3d_autocorr): This composite, named 'CardiovascularSleepVariabilityIndex3', combines the standard deviation of RMSSD over 14 days, the standard deviation of LF/HF over 14 days, and the autocorrelation of sleep duration over 3 days. The clinical logic is to capture the interaction between cardiovascular activity, sleep variability, and stress regulation.	14
20095	composite_r2_20095	0.0056	0.47952	0.548023	0.226	448	867	0.0033	0.0083	DISCARD	R2 Composite (rmssd_7d_slope+hr_21d_slope+sleep_onset_sd_21d): This composite, named 'AutonomicStressAndSleepOnsetIndex2', combines the slope of RMSSD over 7 days, the standard deviation of sleep onset over 21 days, and the slope of heart rate over 21 days. The clinical logic is to capture the interaction between autonomic nervous system activity, sleep onset, and stress regulation.	14
20096	composite_r2_20096	0.0508	0.360639	0.548023	0.2837	313	646	0.0343	0.0695	DISCARD	R2 Composite (rmssd_21d_slope+lfhf_21d_slope+sleep_qual_21d_mean): This composite, named 'StressRegulationAndSleepQualityIndex2', combines the slope of LF/HF over 21 days, the slope of RMSSD over 21 days, and the mean of sleep quality over 21 days. The clinical logic is to capture the interaction between stress regulation, sleep quality, and autonomic nervous system activity.	14
20097	composite_r2_20097	0.1723	0.115884	0.548023	0.4633	363	723	0.1436	0.2048	DISCARD	R2 Composite (rmssd_14d_autocorr+lfhf_21d_slope): This composite, named 'AutonomicSleepStressIndex6', combines the autocorrelation of RMSSD over 14 days, the coefficient of variation of sleep latency, and the slope of LF/HF over 21 days. The clinical logic is to capture the interaction between autonomic nervous system activity, sleep latency, and stress regulation.	14
20099	composite_r2_20099	0.0	0.635365	0.726131	0.1431	469	896	0.0	0.0	DISCARD	R2 Composite (rmssd_7d_slope+lfhf_21d_slope+sleep_onset_sd_21d+sleep_dur_3d_autocorr): Combines HRV temporal feature (rmssd_7d_slope) with sleep variability feature (sleep_dur_3d_autocorr) and cross-domain interaction term (lfhf_21d_slope * sleep_onset_sd_21d) to create 'AutonomicSleepStressIndex7'. This captures the relationship between autonomic function, sleep duration, and sleep onset latency.	15
20100	composite_r2_20100	0.1316	0.0999	0.403596	0.5031	405	784	0.1086	0.1557	DISCARD	R2 Composite (rmssd_14d_autocorr+hr_7d_slope+sleep_qual_21d_mean): Combines HRV temporal feature (rmssd_14d_autocorr) with sleep quality feature (sleep_qual_21d_mean) and cross-domain interaction term (hr_7d_slope * sleep_lat_cv) to create 'CardioSleepQualityIndex4'. This captures the relationship between autonomic function, sleep quality, and sleep latency.	15
20101	composite_r2_20101	0.0356	0.160839	0.428904	0.4167	469	896	0.0272	0.045	DISCARD	R2 Composite (rmssd_7d_std+lfhf_21d_slope+sleep_onset_sd_21d+sleep_dur_3d_autocorr): Combines HRV temporal feature (lfhf_21d_slope) with HRV variability feature (rmssd_7d_std) and sleep variability feature (sleep_dur_3d_autocorr * sleep_onset_sd_21d) to create 'AutonomicSleepStressIndex8'. This captures the relationship between autonomic function, HRV variability, and sleep variability.	15
20102	composite_r2_20102	0.0021	0.31968	0.551448	0.3067	471	894	0.0005	0.0045	DISCARD	R2 Composite (rmssd_3d_slope+hr_14d_slope+sleep_qual_21d_mean): Combines HRV temporal feature (rmssd_3d_slope) with sleep latency feature (sleep_lat_cv) and cross-domain interaction term (hr_14d_slope * sleep_qual_21d_mean) to create 'CardioSleepLatencyIndex3'. This captures the relationship between autonomic function, sleep latency, and sleep quality.	15
20103	composite_r2_20103	0.0	0.928072	0.928072	0.0246	448	850	0.0	0.0	DISCARD	R2 Composite (rmssd_14d_autocorr+lfhf_14d_slope+sleep_onset_sd_21d+sleep_dur_3d_autocorr): Combines HRV temporal feature (lfhf_14d_slope) with HRV variability feature (rmssd_14d_autocorr) and sleep variability feature (sleep_dur_3d_autocorr * sleep_onset_sd_21d) to create 'AutonomicSleepStressIndex9'. This captures the relationship between autonomic function, HRV variability, and sleep variability.	15
20104	composite_r2_20104	0.0	0.505495	0.673993	0.219	351	680	0.0	0.0001	DISCARD	R2 Composite (rmssd_7d_slope+hr_7d_slope+sleep_qual_21d_mean): Combines HRV temporal feature (rmssd_7d_slope) with sleep quality feature (sleep_qual_21d_mean) and cross-domain interaction term (hr_7d_slope * sleep_lat_cv) to create 'CardioSleepQualityIndex5'. This captures the relationship between autonomic function, sleep quality, and sleep latency.	15
20105	composite_r2_20105	0.0075	0.344655	0.551448	0.2956	466	887	0.0046	0.0108	DISCARD	R2 Composite (rmssd_14d_std+lfhf_21d_slope+sleep_onset_sd_21d+sleep_dur_3d_autocorr): Combines HRV temporal feature (lfhf_21d_slope) with HRV variability feature (rmssd_14d_std) and sleep variability feature (sleep_dur_3d_autocorr * sleep_onset_sd_21d) to create 'AutonomicSleepStressIndex10'. This captures the relationship between autonomic function, HRV variability, and sleep variability.	15
20106	composite_r2_20106	0.0128	0.100899	0.403596	0.4806	471	894	0.0068	0.0192	DISCARD	R2 Composite (rmssd_3d_slope+hr_14d_slope+sleep_onset_sd_21d+sleep_qual_21d_mean): Combines HRV temporal feature (rmssd_3d_slope) with sleep onset feature (sleep_onset_sd_21d) and cross-domain interaction term (hr_14d_slope * sleep_qual_21d_mean) to create 'CardioSleepOnsetIndex4'. This captures the relationship between autonomic function, sleep onset, and sleep quality.	15
20108	lfhf_21d_slope × rmssd_7d_std	0.7126	0.017982	0.044955	1.0382	85	128	0.6403	0.7738	DISCARD	R2 Interaction: lfhf_21d_slope x rmssd_7d_std | Interaction between LF/HF slope over 21 days and RMSSD standard deviation over 7 days to capture the relationship between autonomic balance and heart rate variability	16
20110	hr_14d_slope × sleep_dur_3d_autocorr	0.3965	0.148851	0.248085	0.5107	155	263	0.3384	0.4508	DISCARD	R2 Interaction: hr_14d_slope x sleep_dur_3d_autocorr | Interaction between heart rate slope over 14 days and sleep duration autocorrelation over 3 days to capture the relationship between cardiovascular activity and sleep patterns	16
20111	composite_r2_20111	0.0	0.868132	0.868132	0.0558	306	599	0.0	0.0	DISCARD	R2 Composite (rmssd_7d_mean+lfhf_7d_mean): Ratio of RMSSD mean over 7 days to LF/HF mean over 7 days to capture the balance between parasympathetic and sympathetic activity	16
20113	rmssd_3d_slope × hr_3d_slope	0.2663	0.003996	0.01998	0.9228	371	737	0.2316	0.2991	DISCARD	R2 Interaction: rmssd_3d_slope x hr_3d_slope | Interaction between RMSSD slope over 3 days and heart rate slope over 3 days to capture the relationship between heart rate variability and cardiovascular activity	16
20114	composite_r2_20114	0.0	0.305694	0.382118	0.3439	286	544	0.0	0.0	DISCARD	R2 Composite (lfhf_14d_std+rmssd_14d_std): Average of LF/HF standard deviation over 14 days and RMSSD standard deviation over 14 days to capture the overall variability in autonomic activity	16
20117	composite_r2_20117	0.0	0.958042	0.958042	0.0141	433	835	0.0	0.0	DISCARD	R2 Composite (rmssd_7d_slope+lfhf_21d_slope): Assessing the balance between parasympathetic and sympathetic nervous system activity over different time frames	17
20118	rmssd_14d_std × sleep_qual_21d_mean	0.5851	0.070929	0.407592	0.6735	75	105	0.4999	0.6693	DISCARD	R2 Interaction: rmssd_14d_std x sleep_qual_21d_mean | Investigating how variability in parasympathetic activity relates to sleep quality over an extended period	17
20120	composite_r2_20120	0.0	0.432567	0.64885	0.241	387	788	0.0	0.0	DISCARD	R2 Composite (lfhf_7d_slope+rmssd_3d_autocorr): Examining the combined effects of short-term sympathetic activity and parasympathetic regulation on stress response	17
20121	rmssd_21d_mean × sleep_lat_14d_std	0.5194	0.265734	0.531468	0.4743	85	128	0.4323	0.6062	DISCARD	R2 Interaction: rmssd_21d_mean x sleep_lat_14d_std | Exploring the relationship between long-term parasympathetic tone and variability in sleep onset latency	17
20122	composite_r2_20122	0.0	0.832168	0.958042	0.067	286	544	0.0	0.0	DISCARD	R2 Composite (hr_14d_slope+lfhf_14d_slope): Comparing the rate of change in heart rate and sympathetic-parasympathetic balance over a 14-day period	17
20124	rmssd_7d_std × lfhf_21d_autocorr	0.6031	0.135864	0.407592	0.6318	85	128	0.5276	0.6797	DISCARD	R2 Interaction: rmssd_7d_std x lfhf_21d_autocorr | Investigating the interaction between short-term parasympathetic variability and long-term sympathetic-parasympathetic regulation	17
20126	composite_r2_20126	0.0969	0.140859	0.420912	0.4545	433	835	0.0788	0.115	DISCARD	R2 Composite (rmssd_7d_std+lfhf_21d_slope): Investigating the ratio of short-term parasympathetic activity to long-term sympathetic activity	18
20127	composite_r2_20127	0.0	0.967033	0.967033	0.0107	286	544	0.0	0.0	DISCARD	R2 Composite (rmssd_14d_mean+hr_14d_cv): Examining the difference between long-term parasympathetic activity and heart rate variability	18
20128	composite_r2_20128	0.0126	0.246753	0.493506	0.3627	351	680	0.0081	0.0178	DISCARD	R2 Composite (lfhf_7d_slope+sleep_qual_21d_mean): Investigating the interaction between short-term sympathetic activity and long-term sleep quality	18
20129	rmssd_21d_autocorr × sleep_lat_14d_std	0.5831	0.157842	0.420912	0.613	85	128	0.5044	0.6587	DISCARD	R2 Interaction: rmssd_21d_autocorr x sleep_lat_14d_std | Exploring the relationship between long-term parasympathetic activity and sleep latency variability	18
20130	composite_r2_20130	0.0	0.493506	0.65934	0.2242	381	731	0.0	0.0	DISCARD	R2 Composite (hr_7d_cv+lfhf_14d_mean): Investigating the average of short-term heart rate variability and long-term sympathetic activity	18
20131	composite_r2_20131	0.0	0.951049	0.967033	0.0177	475	887	0.0	0.0	DISCARD	R2 Composite (rmssd_3d_slope+sleep_dur_3d_autocorr): Examining the non-linear interaction between short-term parasympathetic activity and sleep duration variability	18
20132	lfhf_21d_slope × rmssd_7d_std	0.7126	0.010989	0.087912	1.0382	85	128	0.6411	0.7761	DISCARD	R2 Interaction: lfhf_21d_slope x rmssd_7d_std | Investigating the interaction between long-term sympathetic activity and short-term parasympathetic activity variability	18
20133	composite_r2_20133	0.0244	0.494505	0.65934	0.2066	315	623	0.0176	0.0329	DISCARD	R2 Composite (hr_14d_slope+sleep_qual_21d_mean): Examining the difference between long-term heart rate activity and sleep quality	18
20135	composite_r2_20135	0.0969	0.151848	0.455544	0.4545	433	835	0.0784	0.116	DISCARD	R2 Composite (rmssd_7d_std+lfhf_21d_slope): Investigating the ratio of short-term parasympathetic activity to long-term sympathetic activity	19
20136	hr_14d_slope × sleep_qual_21d_mean	0.5524	0.228771	0.457542	0.4587	75	105	0.4671	0.6395	DISCARD	R2 Interaction: hr_14d_slope x sleep_qual_21d_mean | Exploring the relationship between long-term heart rate changes and average sleep quality	19
20137	composite_r2_20137	0.0	0.491508	0.58981	0.2033	371	737	0.0	0.0	DISCARD	R2 Composite (rmssd_3d_slope+hr_3d_slope): Assessing the balance between short-term parasympathetic and sympathetic activity	19
20139	composite_r2_20139	0.0	0.834166	0.834166	0.0633	381	731	0.0	0.0	DISCARD	R2 Composite (lfhf_7d_slope+rmssd_14d_slope): Investigating the non-linear interaction between short-term sympathetic and long-term parasympathetic activity	19
20140	rmssd_21d_autocorr × sleep_dur_3d_autocorr	0.5194	0.14985	0.455544	0.6111	77	125	0.4419	0.5953	DISCARD	R2 Interaction: rmssd_21d_autocorr x sleep_dur_3d_autocorr | Exploring the relationship between long-term parasympathetic activity and short-term sleep duration patterns	19
20141	composite_r2_20141	0.0	0.442557	0.58981	0.2242	381	731	0.0	0.0	DISCARD	R2 Composite (hr_7d_cv+lfhf_14d_cv): Assessing the difference between short-term heart rate variability and long-term sympathetic activity	19
20144	composite_r2_20144	0.0	0.765235	0.991009	0.1059	306	599	0.0	0.0	DISCARD	R2 Composite (rmssd_7d_slope+lfhf_7d_slope): Investigating the squared ratio of short-term parasympathetic and sympathetic activity to capture non-linear effects	20
20145	rmssd_14d_mean × hr_14d_cv	0.31	0.378621	0.991009	0.293	169	277	0.2579	0.36	DISCARD	R2 Interaction: rmssd_14d_mean x hr_14d_cv | Examining the interaction between long-term parasympathetic activity and short-term heart rate variability	20
20146	composite_r2_20146	0.0	0.991009	0.991009	0.0036	293	611	0.0	0.0	DISCARD	R2 Composite (lfhf_21d_slope+rmssd_21d_slope): Investigating the difference between long-term sympathetic and parasympathetic activity slopes	20
20148	composite_r2_20148	0.0	0.711289	0.991009	0.1052	371	737	0.0	0.0	DISCARD	R2 Composite (rmssd_3d_std+hr_3d_std+rmssd_3d_mean+hr_3d_mean): Investigating the ratio of short-term parasympathetic and heart rate variability to their respective means	20
20149	lfhf_14d_autocorr × rmssd_14d_autocorr	0.5211	0.0999	0.5994	0.5518	169	277	0.4678	0.5776	DISCARD	R2 Interaction: lfhf_14d_autocorr x rmssd_14d_autocorr | Examining the interaction between long-term sympathetic and parasympathetic activity autocorrelations	20
20150	composite_r2_20150	0.0	0.857143	0.991009	0.0557	306	599	0.0	0.0	DISCARD	R2 Composite (rmssd_7d_slope+lfhf_7d_slope+rmssd_7d_mean+lfhf_7d_mean): Investigating the product of short-term parasympathetic and sympathetic activity slopes divided by their respective means	20
20153	composite_r2_20153	0.0	0.726274	0.871529	0.1059	306	599	0.0	0.0	DISCARD	R2 Composite (rmssd_7d_slope+lfhf_7d_slope): Investigating the squared ratio of short-term parasympathetic and sympathetic activity	21
20154	rmssd_14d_std × hr_14d_cv	0.3388	0.053946	0.323676	0.6751	169	277	0.2818	0.3955	DISCARD	R2 Interaction: rmssd_14d_std x hr_14d_cv | Examining the interaction between long-term parasympathetic variability and heart rate coefficient of variation	21
20155	composite_r2_20155	0.0	0.991009	0.991009	0.0036	293	611	0.0	0.0	DISCARD	R2 Composite (lfhf_21d_slope+rmssd_21d_slope): Investigating the difference between long-term sympathetic and parasympathetic activity slopes	21
20157	composite_r2_20157	0.0	0.671329	0.871529	0.1281	306	599	0.0	0.0	DISCARD	R2 Composite (rmssd_7d_mean+hr_7d_mean): Investigating the product of the ratio of short-term parasympathetic and heart rate activity	21
20158	lfhf_14d_autocorr × rmssd_14d_autocorr	0.5211	0.118881	0.356643	0.5518	169	277	0.465	0.5757	DISCARD	R2 Interaction: lfhf_14d_autocorr x rmssd_14d_autocorr | Examining the interaction between long-term sympathetic and parasympathetic autocorrelation	21
20159	composite_r2_20159	0.0	0.425574	0.851148	0.2357	371	737	0.0	0.0	DISCARD	R2 Composite (rmssd_3d_slope+lfhf_3d_slope): Investigating the range of short-term parasympathetic and sympathetic activity slopes	21
20162	composite_r2_20162	0.0	0.739261	0.996004	0.1059	306	599	0.0	0.0	DISCARD	R2 Composite (rmssd_7d_slope+lfhf_7d_slope): Investigating the squared ratio of short-term parasympathetic and sympathetic activity	22
20163	rmssd_14d_mean × hr_14d_cv	0.31	0.368631	0.737262	0.293	169	277	0.2602	0.3586	DISCARD	R2 Interaction: rmssd_14d_mean x hr_14d_cv | Examining the interaction between long-term parasympathetic activity and heart rate variability	22
20165	composite_r2_20165	0.0	0.996004	0.996004	0.0036	293	611	0.0	0.0	DISCARD	R2 Composite (lfhf_21d_slope+rmssd_21d_slope): Investigating the difference between long-term sympathetic and parasympathetic activity	22
20166	rmssd_7d_std × hr_7d_mean	0.462	0.01998	0.05994	0.6775	278	514	0.4171	0.508	DISCARD	R2 Interaction: rmssd_7d_std x hr_7d_mean | Examining the interaction between short-term parasympathetic activity and heart rate	22
20167	composite_r2_20167	0.0	0.936064	0.996004	0.0177	475	887	0.0	0.0	DISCARD	R2 Composite (rmssd_3d_slope+sleep_dur_3d_autocorr): Investigating the squared ratio of short-term parasympathetic activity and sleep duration autocorrelation	22
20169	lfhf_14d_slope × rmssd_14d_slope	0.5023	0.014985	0.05994	0.8393	169	277	0.4468	0.555	DISCARD	R2 Interaction: lfhf_14d_slope x rmssd_14d_slope | Examining the interaction between long-term sympathetic and parasympathetic activity	22
20171	lfhf_21d_slope × rmssd_7d_std	0.7126	0.017982	0.095904	1.0382	85	128	0.6376	0.7802	DISCARD	R2 Interaction: lfhf_21d_slope x rmssd_7d_std | Investigating the interaction between long-term sympathetic activity (LF/HF slope over 21 days) and short-term parasympathetic variability (RMSSD standard deviation over 7 days) to identify potential biomarkers for depression	23
20172	composite_r2_20172	0.0	0.464535	0.557442	0.2033	371	737	0.0	0.0	DISCARD	R2 Composite (rmssd_3d_slope+hr_3d_slope): Examining the ratio of short-term parasympathetic (RMSSD slope over 3 days) and sympathetic (HR slope over 3 days) activity to assess autonomic balance	23
20174	rmssd_14d_autocorr × lfhf_14d_autocorr	0.5211	0.156843	0.313686	0.4791	169	277	0.4647	0.5764	DISCARD	R2 Interaction: rmssd_14d_autocorr x lfhf_14d_autocorr | Investigating the interaction between long-term parasympathetic (RMSSD autocorrelation over 14 days) and sympathetic (LF/HF autocorrelation over 14 days) activity to identify potential biomarkers for depression	23
20175	composite_r2_20175	0.0	0.992008	0.992008	0.0036	293	611	0.0	0.0	DISCARD	R2 Composite (lfhf_21d_slope+rmssd_21d_slope): Examining the difference between long-term sympathetic (LF/HF slope over 21 days) and parasympathetic (RMSSD slope over 21 days) activity to assess autonomic imbalance	23
20177	rmssd_7d_std × hr_7d_cv	0.4769	0.031968	0.095904	0.6775	278	514	0.4301	0.5216	DISCARD	R2 Interaction: rmssd_7d_std x hr_7d_cv | Investigating the interaction between short-term parasympathetic variability (RMSSD standard deviation over 7 days) and short-term sympathetic variability (HR coefficient of variation over 7 days) to identify potential biomarkers for depression	23
20178	composite_r2_20178	0.0	0.304695	0.457042	0.313	286	544	0.0	0.0	DISCARD	R2 Composite (lfhf_14d_slope+rmssd_14d_slope): Examining the ratio of long-term sympathetic (LF/HF slope over 14 days) and parasympathetic (RMSSD slope over 14 days) activity to assess autonomic balance	23
20180	rmssd_7d_slope × lfhf_21d_slope	0.6415	0.736264	0.863137	0.1423	85	128	0.5656	0.7145	DISCARD	R2 Interaction: rmssd_7d_slope x lfhf_21d_slope | Investigating the interaction between short-term parasympathetic activity and long-term sympathetic activity	24
20181	composite_r2_20181	0.0	0.711289	0.863137	0.105	371	737	0.0	0.0	DISCARD	R2 Composite (rmssd_3d_mean+hr_3d_mean): Examining the squared ratio of short-term parasympathetic activity to heart rate	24
20183	lfhf_14d_autocorr × rmssd_14d_autocorr	0.5211	0.112887	0.677322	0.5518	169	277	0.4686	0.576	DISCARD	R2 Interaction: lfhf_14d_autocorr x rmssd_14d_autocorr | Investigating the interaction between long-term sympathetic and parasympathetic activity autocorrelations	24
20184	composite_r2_20184	0.0	0.253746	0.761238	0.3562	306	599	0.0	0.0	DISCARD	R2 Composite (rmssd_7d_std+lfhf_7d_std): Examining the difference between short-term parasympathetic and sympathetic activity standard deviations	24
20186	rmssd_21d_slope × hr_21d_slope	0.4468	0.863137	0.863137	0.0627	85	128	0.362	0.5288	DISCARD	R2 Interaction: rmssd_21d_slope x hr_21d_slope | Investigating the interaction between long-term parasympathetic activity and heart rate slopes	24
20187	composite_r2_20187	0.0	0.609391	0.863137	0.1495	371	737	0.0	0.0	DISCARD	R2 Composite (lfhf_3d_mean+rmssd_3d_mean): Examining the squared ratio of short-term sympathetic activity to parasympathetic activity	24
20189	composite_r2_20189	0.0	0.721279	0.881119	0.1059	306	599	0.0	0.0	DISCARD	R2 Composite (rmssd_7d_slope+lfhf_7d_slope): Ratio of short-term parasympathetic and sympathetic activity slopes, which may indicate an imbalance in autonomic nervous system regulation.	25
20190	rmssd_21d_slope × hr_21d_cv	0.0185	0.881119	0.881119	0.0627	85	128	0.0012	0.0401	DISCARD	R2 Interaction: rmssd_21d_slope x hr_21d_cv | Interaction between long-term parasympathetic activity slope and heart rate variability coefficient, exploring potential relationships between autonomic nervous system regulation and cardiovascular health.	25
20191	composite_r2_20191	0.0	0.772228	0.881119	0.0827	286	544	0.0	0.0	DISCARD	R2 Composite (lfhf_14d_mean+rmssd_14d_mean): Difference between long-term sympathetic and parasympathetic activity means, normalized by their sum, which may indicate an imbalance in autonomic nervous system regulation.	25
20193	composite_r2_20193	0.0	0.511489	0.881119	0.2033	371	737	0.0	0.0	DISCARD	R2 Composite (rmssd_3d_slope+hr_3d_slope): Squared difference between short-term parasympathetic activity slope and heart rate slope, which may indicate non-linear relationships between autonomic nervous system regulation and cardiovascular health.	25
20194	lfhf_21d_autocorr × rmssd_21d_autocorr	0.4754	0.198801	0.71928	0.5606	85	128	0.3953	0.5535	DISCARD	R2 Interaction: lfhf_21d_autocorr x rmssd_21d_autocorr | Interaction between long-term sympathetic and parasympathetic activity autocorrelations, exploring potential relationships between autonomic nervous system regulation and depression.	25
20195	composite_r2_20195	0.0	0.23976	0.71928	0.3562	306	599	0.0	0.0	DISCARD	R2 Composite (rmssd_7d_std+lfhf_7d_std): Ratio of short-term parasympathetic and sympathetic activity standard deviations, which may indicate an imbalance in autonomic nervous system regulation.	25
20198	lfhf_21d_slope × rmssd_7d_std	0.7126	0.014985	0.044955	1.0382	85	128	0.6452	0.7783	DISCARD	R2 Interaction: lfhf_21d_slope x rmssd_7d_std | Investigating the interaction between long-term sympathetic activity and short-term parasympathetic variability, which may indicate an imbalance in the autonomic nervous system and contribute to depressive symptoms.	26
20199	rmssd_3d_slope × sleep_dur_3d_autocorr	0.2226	0.000999	0.005994	1.1131	309	623	0.1864	0.2597	KEEP	R2 Interaction: rmssd_3d_slope x sleep_dur_3d_autocorr | Examining the interaction between short-term parasympathetic activity and sleep duration autocorrelation, which may reflect the body's ability to adapt to changes in sleep patterns and its impact on depressive symptoms.	26
20200	composite_r2_20200	0.0	0.991009	0.991009	0.0036	293	611	0.0	0.0	DISCARD	R2 Composite (lfhf_21d_slope+rmssd_21d_slope): Evaluating the ratio of long-term sympathetic to parasympathetic activity, which may indicate an imbalance in the autonomic nervous system and contribute to depressive symptoms.	26
20202	rmssd_7d_std × hr_7d_cv	0.4769	0.034965	0.06993	0.6775	278	514	0.4347	0.5211	DISCARD	R2 Interaction: rmssd_7d_std x hr_7d_cv | Investigating the interaction between short-term parasympathetic variability and heart rate coefficient of variation, which may indicate an imbalance in the autonomic nervous system and contribute to depressive symptoms.	26
20203	composite_r2_20203	0.0	0.775225	0.991009	0.0827	286	544	0.0	0.0	DISCARD	R2 Composite (lfhf_14d_mean+rmssd_14d_mean): Evaluating the difference between long-term sympathetic and parasympathetic activity, which may indicate an imbalance in the autonomic nervous system and contribute to depressive symptoms.	26
20204	rmssd_21d_slope × hr_21d_slope	0.4468	0.876124	0.991009	0.0627	85	128	0.3599	0.5245	DISCARD	R2 Interaction: rmssd_21d_slope x hr_21d_slope | Examining the interaction between long-term parasympathetic activity and heart rate slope, which may reflect the body's ability to adapt to changes in heart rate and its impact on depressive symptoms.	26
20207	rmssd_7d_slope × lfhf_21d_slope	0.6415	0.731269	0.731269	0.1423	85	128	0.5687	0.7142	DISCARD	R2 Interaction: rmssd_7d_slope x lfhf_21d_slope | Investigating the interaction between short-term parasympathetic activity (rmssd_7d_slope) and long-term sympathetic activity (lfhf_21d_slope) to identify potential biomarkers for depression	27
20208	composite_r2_20208	0.0	0.564436	0.731269	0.1674	286	544	0.0	0.0	DISCARD	R2 Composite (rmssd_14d_mean+hr_14d_mean): Examining the ratio of long-term parasympathetic activity (rmssd_14d_mean) to sympathetic activity (hr_14d_mean) as a potential indicator of cardiac autonomic balance	27
20209	lfhf_21d_autocorr × sleep_qual_21d_mean	0.5167	0.247752	0.495504	0.4803	60	93	0.4194	0.6081	DISCARD	R2 Interaction: lfhf_21d_autocorr x sleep_qual_21d_mean | Investigating the interaction between long-term sympathetic activity autocorrelation (lfhf_21d_autocorr) and mean sleep quality (sleep_qual_21d_mean) to understand the relationship between sleep and autonomic function	27
20211	rmssd_3d_slope × lfhf_3d_slope	0.2563	0.000999	0.003996	0.9228	371	737	0.2195	0.2945	KEEP	R2 Interaction: rmssd_3d_slope x lfhf_3d_slope | Investigating the interaction between short-term parasympathetic activity slope (rmssd_3d_slope) and short-term sympathetic activity slope (lfhf_3d_slope) to identify potential biomarkers for depression	27
20213	rmssd_21d_slope × lfhf_21d_slope	0.6165	0.888112	0.919081	0.0627	85	128	0.5347	0.6949	DISCARD	R2 Interaction: rmssd_21d_slope x lfhf_21d_slope | Investigating the interaction between long-term parasympathetic and sympathetic nervous system activity to predict depression	28
20214	composite_r2_20214	0.0	0.58042	0.919081	0.1674	286	544	0.0	0.0	DISCARD	R2 Composite (rmssd_14d_mean+hr_14d_mean): Evaluating the ratio of long-term parasympathetic to sympathetic activity as a predictor of depression	28
20215	lfhf_21d_slope × sleep_qual_21d_mean	0.7602	0.015984	0.095904	1.0571	60	93	0.6861	0.8354	DISCARD	R2 Interaction: lfhf_21d_slope x sleep_qual_21d_mean | Examining the interaction between long-term sympathetic nervous system activity and sleep quality to predict depression	28
20217	rmssd_7d_slope × hr_7d_cv	0.2132	0.492507	0.919081	0.2102	278	514	0.1764	0.2505	DISCARD	R2 Interaction: rmssd_7d_slope x hr_7d_cv | Investigating the interaction between short-term parasympathetic nervous system activity and heart rate variability to predict depression	28
20218	composite_r2_20218	0.0	0.774226	0.919081	0.0827	286	544	0.0	0.0	DISCARD	R2 Composite (lfhf_14d_mean+rmssd_14d_mean): Evaluating the difference between long-term sympathetic and parasympathetic activity as a predictor of depression	28
20219	rmssd_21d_slope × sleep_dur_21d_mean	0.2715	0.919081	0.919081	0.0499	60	93	0.1952	0.3519	DISCARD	R2 Interaction: rmssd_21d_slope x sleep_dur_21d_mean | Examining the interaction between long-term parasympathetic nervous system activity and sleep duration to predict depression	28
20222	rmssd_21d_slope × lfhf_21d_slope	0.6165	0.867133	0.992008	0.0627	85	128	0.5344	0.6998	DISCARD	R2 Interaction: rmssd_21d_slope x lfhf_21d_slope | Investigating the interaction between long-term parasympathetic and sympathetic activity slopes	29
20223	rmssd_7d_std × hr_7d_cv	0.4769	0.031968	0.095904	0.6775	278	514	0.4319	0.5209	DISCARD	R2 Interaction: rmssd_7d_std x hr_7d_cv | Examining the interaction between short-term parasympathetic activity variability and heart rate coefficient of variation	29
20224	composite_r2_20224	0.0	0.802198	0.992008	0.0827	286	544	0.0	0.0	DISCARD	R2 Composite (rmssd_14d_mean+lfhf_14d_mean): Evaluating the balance between long-term parasympathetic and sympathetic activity	29
20226	rmssd_3d_slope × sleep_dur_3d_autocorr	0.2226	0.001998	0.011988	1.1131	309	623	0.1871	0.2625	DISCARD	R2 Interaction: rmssd_3d_slope x sleep_dur_3d_autocorr | Investigating the interaction between short-term parasympathetic activity slope and sleep duration autocorrelation	29
20227	composite_r2_20227	0.0	0.992008	0.992008	0.0036	293	611	0.0	0.0	DISCARD	R2 Composite (lfhf_21d_slope+rmssd_21d_slope): Evaluating the difference between long-term sympathetic and parasympathetic activity slopes	29
20228	hr_14d_cv × rmssd_14d_std	0.3388	0.355644	0.711288	0.3036	169	277	0.2852	0.3933	DISCARD	R2 Interaction: hr_14d_cv x rmssd_14d_std | Examining the interaction between long-term heart rate coefficient of variation and parasympathetic activity variability	29
20231	rmssd_21d_slope × lfhf_21d_slope	0.6165	0.889111	0.889111	0.0627	85	128	0.5374	0.693	DISCARD	R2 Interaction: rmssd_21d_slope x lfhf_21d_slope | Investigating the interaction between long-term parasympathetic and sympathetic nervous system activity	30
20232	rmssd_7d_std × hr_7d_cv	0.4769	0.026973	0.071928	0.6775	278	514	0.432	0.5228	DISCARD	R2 Interaction: rmssd_7d_std x hr_7d_cv | Examining the interaction between short-term parasympathetic nervous system variability and heart rate variability	30
20233	composite_r2_20233	0.0	0.806194	0.889111	0.0827	286	544	0.0	0.0	DISCARD	R2 Composite (rmssd_14d_mean+lfhf_14d_mean): Evaluating the balance between long-term parasympathetic and sympathetic nervous system activity	30
20234	lfhf_21d_slope × sleep_qual_21d_mean	0.7602	0.00999	0.03996	1.0571	60	93	0.6873	0.8254	DISCARD	R2 Interaction: lfhf_21d_slope x sleep_qual_21d_mean | Investigating the interaction between long-term sympathetic nervous system activity and sleep quality	30
20235	composite_r2_20235	0.0	0.821179	0.889111	0.0667	293	611	0.0	0.0	DISCARD	R2 Composite (rmssd_21d_slope+hr_21d_slope): Evaluating the difference between long-term parasympathetic and sympathetic nervous system activity	30
20236	rmssd_3d_slope × sleep_dur_3d_autocorr	0.2226	0.000999	0.007992	1.1131	309	623	0.1864	0.2582	KEEP	R2 Interaction: rmssd_3d_slope x sleep_dur_3d_autocorr | Investigating the interaction between short-term parasympathetic nervous system activity and sleep duration autocorrelation	30
20237	composite_r2_20237	0.0	0.803197	0.889111	0.0827	286	544	0.0	0.0	DISCARD	R2 Composite (lfhf_14d_mean+rmssd_14d_mean): Evaluating the sum of long-term sympathetic and parasympathetic nervous system activity	30
20238	hr_14d_cv × rmssd_14d_std	0.3388	0.392607	0.785214	0.3036	169	277	0.2791	0.4	DISCARD	R2 Interaction: hr_14d_cv x rmssd_14d_std | Examining the interaction between long-term heart rate variability and parasympathetic nervous system variability	30
20240	rmssd_7d_slope × lfhf_21d_slope	0.6415	0.736264	0.987013	0.1423	85	128	0.5694	0.7139	DISCARD	R2 Interaction: rmssd_7d_slope x lfhf_21d_slope | Investigating the interaction between short-term parasympathetic activity and long-term sympathetic activity to predict PHQ-9 >= 5	31
20241	composite_r2_20241	0.0	0.575425	0.987013	0.1687	286	544	0.0	0.0	DISCARD	R2 Composite (rmssd_14d_mean+hr_14d_std): Evaluating the ratio of long-term parasympathetic activity to long-term heart rate variability as a predictor of PHQ-9 >= 5	31
20243	lfhf_3d_slope × rmssd_3d_autocorr	0.0949	0.744256	0.987013	0.098	371	737	0.079	0.1133	DISCARD	R2 Interaction: lfhf_3d_slope x rmssd_3d_autocorr | Investigating the interaction between short-term sympathetic activity and short-term parasympathetic autocorrelation to predict PHQ-9 >= 5	31
20244	composite_r2_20244	0.0	0.987013	0.987013	0.0036	293	611	0.0	0.0	DISCARD	R2 Composite (rmssd_21d_slope+lfhf_21d_slope): Evaluating the sum of long-term parasympathetic and sympathetic activity slopes as a predictor of PHQ-9 >= 5	31
20246	rmssd_7d_slope × lfhf_21d_slope	0.6415	0.74026	0.795205	0.1423	85	128	0.5655	0.7124	DISCARD	R2 Interaction: rmssd_7d_slope x lfhf_21d_slope | Investigating the interaction between short-term parasympathetic activity and long-term sympathetic activity	32
20247	composite_r2_20247	0.0	0.795205	0.795205	0.0684	286	544	0.0	0.0	DISCARD	R2 Composite (rmssd_14d_slope+hr_14d_slope): Evaluating the ratio of long-term parasympathetic activity to long-term heart rate activity	32
20248	rmssd_3d_autocorr × sleep_dur_3d_autocorr	0.1983	0.486513	0.795205	0.2159	309	623	0.1708	0.2263	DISCARD	R2 Interaction: rmssd_3d_autocorr x sleep_dur_3d_autocorr | Investigating the interaction between short-term parasympathetic autocorrelation and short-term sleep duration autocorrelation	32
20249	composite_r2_20249	0.0522	0.247752	0.578088	0.364	313	646	0.0356	0.0697	DISCARD	R2 Composite (lfhf_21d_slope+sleep_qual_21d_mean): Evaluating the product of long-term sympathetic activity and long-term sleep quality	32
20250	rmssd_7d_std × hr_7d_cv	0.4769	0.03996	0.13986	0.6775	278	514	0.4317	0.5234	DISCARD	R2 Interaction: rmssd_7d_std x hr_7d_cv | Investigating the interaction between short-term parasympathetic variability and short-term heart rate variability	32
20252	composite_r2_20252	0.0	0.79021	0.795205	0.0827	286	544	0.0	0.0	DISCARD	R2 Composite (rmssd_14d_mean+lfhf_14d_mean): Evaluating the sum of long-term parasympathetic and sympathetic activity	32
20253	rmssd_3d_slope × sleep_dur_3d_autocorr	0.2226	0.002997	0.020979	1.1131	309	623	0.1876	0.259	DISCARD	R2 Interaction: rmssd_3d_slope x sleep_dur_3d_autocorr | Investigating the interaction between short-term parasympathetic activity and short-term sleep duration autocorrelation	32
20255	rmssd_3d_slope × lfhf_21d_slope	0.6859	0.091908	0.262238	0.6659	85	128	0.6176	0.7515	DISCARD	R2 Interaction: rmssd_3d_slope x lfhf_21d_slope | Investigating the interaction between short-term parasympathetic activity and long-term sympathetic activity	33
20256	sleep_dur_3d_autocorr × hr_14d_cv	0.007	0.76024	0.864136	0.1096	155	263	0.0005	0.0164	DISCARD	R2 Interaction: sleep_dur_3d_autocorr x hr_14d_cv | Examining the interaction between short-term sleep duration autocorrelation and long-term heart rate variability	33
20257	composite_r2_20257	0.0	0.864136	0.864136	0.0558	306	599	0.0	0.0	DISCARD	R2 Composite (rmssd_7d_mean+lfhf_7d_mean): Evaluating the ratio of short-term parasympathetic to sympathetic activity	33
20258	rmssd_3d_autocorr × sleep_qual_21d_mean	0.4411	0.328671	0.547785	0.3116	92	192	0.3656	0.5095	DISCARD	R2 Interaction: rmssd_3d_autocorr x sleep_qual_21d_mean | Investigating the interaction between short-term parasympathetic activity autocorrelation and long-term sleep quality	33
20259	lfhf_21d_slope × hr_28d_slope	0.5952	0.104895	0.262238	0.8233	21	26	0.4004	0.7529	DISCARD	R2 Interaction: lfhf_21d_slope x hr_28d_slope | Examining the interaction between long-term sympathetic activity and long-term heart rate slope	33
20261	rmssd_3d_slope × lfhf_21d_slope	0.6859	0.07992	0.31968	0.6659	85	128	0.611	0.7555	DISCARD	R2 Interaction: rmssd_3d_slope x lfhf_21d_slope | Investigating the interaction between short-term parasympathetic activity and long-term sympathetic activity to identify potential biomarkers for depression	34
20262	hr_3d_cv × sleep_dur_3d_autocorr	0.3188	0.241758	0.322344	0.3659	309	623	0.2817	0.3614	DISCARD	R2 Interaction: hr_3d_cv x sleep_dur_3d_autocorr | Examining the interaction between short-term heart rate variability and sleep duration patterns to understand their relationship with depression	34
20263	composite_r2_20263	0.0	0.856144	0.856144	0.0558	306	599	0.0	0.0	DISCARD	R2 Composite (rmssd_7d_mean+lfhf_7d_mean): Evaluating the balance between parasympathetic and sympathetic activity in the short-term to identify potential biomarkers for depression	34
20265	rmssd_14d_slope × sleep_lat_3d_mean	0.5209	0.178821	0.322344	0.4629	169	274	0.4675	0.5731	DISCARD	R2 Interaction: rmssd_14d_slope x sleep_lat_3d_mean | Investigating the interaction between long-term parasympathetic activity and short-term sleep latency to identify potential biomarkers for depression	34
20267	rmssd_7d_slope × lfhf_21d_slope	0.6415	0.743257	0.779221	0.1423	85	128	0.567	0.7083	DISCARD	R2 Interaction: rmssd_7d_slope x lfhf_21d_slope | Investigating the interaction between short-term parasympathetic activity and long-term sympathetic activity to identify potential predictors of depression	35
20268	hr_3d_cv × sleep_dur_3d_autocorr	0.3188	0.230769	0.384615	0.3659	309	623	0.2792	0.3572	DISCARD	R2 Interaction: hr_3d_cv x sleep_dur_3d_autocorr | Examining the interaction between short-term heart rate variability and sleep duration autocorrelation to understand their combined effect on depression	35
20269	composite_r2_20269	0.0	0.779221	0.779221	0.0827	286	544	0.0	0.0	DISCARD	R2 Composite (rmssd_14d_mean+lfhf_14d_mean): Evaluating the balance between long-term parasympathetic and sympathetic activity as a potential predictor of depression	35
20270	rmssd_3d_slope × sleep_qual_21d_mean	0.4576	0.014985	0.037462	0.7819	92	192	0.3882	0.5292	DISCARD	R2 Interaction: rmssd_3d_slope x sleep_qual_21d_mean | Investigating the interaction between short-term parasympathetic activity and long-term sleep quality to identify potential predictors of depression	35
20271	lfhf_21d_slope × rmssd_7d_autocorr	0.6562	0.014985	0.037462	1.0382	85	128	0.5835	0.7311	DISCARD	R2 Interaction: lfhf_21d_slope x rmssd_7d_autocorr | Examining the interaction between long-term sympathetic activity and short-term parasympathetic activity autocorrelation to understand their combined effect on depression	35
20273	rmssd_3d_slope × lfhf_21d_slope	0.6859	0.072927	0.364635	0.6659	85	128	0.6163	0.7483	DISCARD	R2 Interaction: rmssd_3d_slope x lfhf_21d_slope | Investigating the interaction between short-term parasympathetic activity and long-term sympathetic activity to identify potential biomarkers for depression	36
20274	rmssd_3d_autocorr × sleep_qual_21d_mean	0.4411	0.294705	0.491175	0.3116	92	192	0.3704	0.5103	DISCARD	R2 Interaction: rmssd_3d_autocorr x sleep_qual_21d_mean | Examining the relationship between short-term parasympathetic activity patterns and long-term sleep quality to understand their combined impact on depression	36
20275	composite_r2_20275	0.0	0.792208	0.792208	0.0827	286	544	0.0	0.0	DISCARD	R2 Composite (rmssd_14d_mean+lfhf_14d_mean): Evaluating the balance between long-term parasympathetic and sympathetic activity as a potential predictor of depression	36
20276	hr_3d_cv × sleep_dur_3d_autocorr	0.3188	0.214785	0.491175	0.3659	309	623	0.2819	0.3574	DISCARD	R2 Interaction: hr_3d_cv x sleep_dur_3d_autocorr | Investigating the interaction between short-term heart rate variability and sleep duration patterns to identify potential markers of depression	36
20277	rmssd_7d_slope × lfhf_7d_slope	0.2731	0.492507	0.615634	0.2102	278	514	0.235	0.3121	DISCARD	R2 Interaction: rmssd_7d_slope x lfhf_7d_slope | Examining the relationship between short-term changes in parasympathetic and sympathetic activity to understand their combined impact on depression	36
20279	rmssd_7d_slope × lfhf_21d_slope	0.6415	0.705295	0.806051	0.1423	85	128	0.5628	0.7181	DISCARD	R2 Interaction: rmssd_7d_slope x lfhf_21d_slope | Examining the interaction between short-term parasympathetic activity and long-term sympathetic activity to identify potential predictors of depression	37
20280	hr_3d_cv × rmssd_14d_autocorr	0.5122	0.052947	0.243756	0.657	169	277	0.4609	0.5658	DISCARD	R2 Interaction: hr_3d_cv x rmssd_14d_autocorr | Investigating the relationship between short-term heart rate variability and long-term parasympathetic activity patterns to predict depressive symptoms	37
20281	composite_r2_20281	0.0	0.852148	0.852148	0.0558	306	599	0.0	0.0	DISCARD	R2 Composite (rmssd_7d_mean+lfhf_7d_mean): Evaluating the balance between short-term parasympathetic and sympathetic activity as a potential predictor of depression	37
20282	sleep_dur_3d_autocorr × rmssd_3d_slope	0.2226	0.57043	0.760573	0.1726	309	623	0.1862	0.259	DISCARD	R2 Interaction: sleep_dur_3d_autocorr x rmssd_3d_slope | Examining the interaction between short-term sleep patterns and parasympathetic activity to identify potential predictors of depression	37
20283	composite_r2_20283	0.0	0.060939	0.243756	0.551	293	611	0.0	0.0	DISCARD	R2 Composite (lfhf_21d_slope+hr_21d_slope): Evaluating the ratio of long-term sympathetic to heart rate activity as a potential predictor of depression	37
20284	rmssd_14d_autocorr × sleep_qual_21d_mean	0.4654	0.481518	0.760573	0.2389	75	105	0.3751	0.5547	DISCARD	R2 Interaction: rmssd_14d_autocorr x sleep_qual_21d_mean | Investigating the relationship between long-term parasympathetic activity patterns and sleep quality to predict depressive symptoms	37
20285	composite_r2_20285	0.0	0.346653	0.693306	0.2813	306	599	0.0	0.0	DISCARD	R2 Composite (hr_7d_cv+rmssd_7d_cv): Evaluating the balance between short-term heart rate and parasympathetic variability as a potential predictor of depression	37
20286	lfhf_7d_slope × sleep_lat_3d_mean	0.4519	0.147852	0.394272	0.4668	277	509	0.4022	0.4989	DISCARD	R2 Interaction: lfhf_7d_slope x sleep_lat_3d_mean | Examining the interaction between short-term sympathetic activity and sleep latency to identify potential predictors of depression	37
20288	rmssd_7d_slope × hr_7d_cv	0.2132	0.493506	0.646854	0.2102	278	514	0.1765	0.2524	DISCARD	R2 Interaction: rmssd_7d_slope x hr_7d_cv | Investigating the interaction between short-term parasympathetic and sympathetic activity	38
20289	lfhf_21d_slope × sleep_qual_21d_mean	0.7602	0.011988	0.05994	1.0571	60	93	0.6856	0.8268	DISCARD	R2 Interaction: lfhf_21d_slope x sleep_qual_21d_mean | Examining the interaction between long-term sympathetic activity and sleep quality	38
20290	composite_r2_20290	0.0	0.858142	0.858142	0.0558	306	599	0.0	0.0	DISCARD	R2 Composite (rmssd_7d_mean+lfhf_7d_mean): Evaluating the balance between short-term parasympathetic and sympathetic activity	38
20291	rmssd_3d_autocorr × sleep_lat_3d_mean	0.4687	0.517483	0.646854	0.1878	333	670	0.4276	0.5083	DISCARD	R2 Interaction: rmssd_3d_autocorr x sleep_lat_3d_mean | Investigating the interaction between short-term parasympathetic activity and sleep latency	38
20292	hr_14d_slope × sleep_dur_14d_mean	0.4126	0.035964	0.08991	0.7366	142	229	0.3555	0.4764	DISCARD	R2 Interaction: hr_14d_slope x sleep_dur_14d_mean | Examining the interaction between long-term heart rate activity and sleep duration	38
20294	rmssd_3d_slope × lfhf_21d_slope	0.6859	0.088911	0.247252	0.6659	85	128	0.6098	0.7512	DISCARD	R2 Interaction: rmssd_3d_slope x lfhf_21d_slope | Investigating the interaction between short-term parasympathetic activity and long-term sympathetic activity to predict PHQ-9 scores	39
20295	hr_3d_cv × sleep_qual_21d_mean	0.5256	0.098901	0.247252	0.5164	92	192	0.4498	0.6012	DISCARD	R2 Interaction: hr_3d_cv x sleep_qual_21d_mean | Examining the interaction between short-term heart rate variability and long-term sleep quality to predict PHQ-9 scores	39
20296	composite_r2_20296	0.0	0.847153	0.847153	0.0558	306	599	0.0	0.0	DISCARD	R2 Composite (rmssd_7d_mean+lfhf_7d_mean): Evaluating the balance between short-term parasympathetic and sympathetic activity to predict PHQ-9 scores	39
20297	rmssd_14d_autocorr × sleep_lat_3d_mean	0.5125	0.164835	0.274725	0.4771	169	274	0.4552	0.5644	DISCARD	R2 Interaction: rmssd_14d_autocorr x sleep_lat_3d_mean | Investigating the interaction between long-term parasympathetic activity autocorrelation and short-term sleep latency to predict PHQ-9 scores	39
20298	lfhf_7d_slope × sleep_dur_3d_autocorr	0.1448	0.273726	0.342158	0.363	257	482	0.1184	0.1745	DISCARD	R2 Interaction: lfhf_7d_slope x sleep_dur_3d_autocorr | Examining the interaction between short-term sympathetic activity change and short-term sleep duration autocorrelation to predict PHQ-9 scores	39
20300	rmssd_3d_slope × lfhf_21d_slope	0.6859	0.082917	0.287212	0.6659	85	128	0.6176	0.7561	DISCARD	R2 Interaction: rmssd_3d_slope x lfhf_21d_slope | Investigating the interaction between short-term parasympathetic and long-term sympathetic activity	40
20301	rmssd_7d_autocorr × sleep_qual_21d_mean	0.3807	0.576424	0.72053	0.1859	83	152	0.2976	0.4678	DISCARD	R2 Interaction: rmssd_7d_autocorr x sleep_qual_21d_mean | Examining the relationship between short-term parasympathetic variability and long-term sleep quality	40
20302	composite_r2_20302	0.0	0.788212	0.788212	0.0827	286	544	0.0	0.0	DISCARD	R2 Composite (rmssd_14d_mean+lfhf_14d_mean): Evaluating the balance between long-term parasympathetic and sympathetic activity	40
20303	hr_3d_cv × sleep_dur_3d_autocorr	0.3188	0.227772	0.37962	0.3659	309	623	0.2797	0.3568	DISCARD	R2 Interaction: hr_3d_cv x sleep_dur_3d_autocorr | Investigating the interaction between short-term heart rate variability and sleep duration patterns	40
20304	lfhf_7d_slope × rmssd_7d_slope	0.2731	0.114885	0.287212	0.4644	278	514	0.2333	0.3083	DISCARD	R2 Interaction: lfhf_7d_slope x rmssd_7d_slope | Examining the interaction between short-term sympathetic and parasympathetic activity	40
20306	rmssd_3d_slope × sleep_dur_3d_autocorr	0.2226	0.001998	0.011988	1.1131	309	623	0.187	0.2607	DISCARD	R2 Interaction: rmssd_3d_slope x sleep_dur_3d_autocorr | Investigating the interaction between short-term parasympathetic activity and sleep duration autocorrelation, building on previous promising results.	41
20307	lfhf_21d_slope × rmssd_7d_autocorr	0.6562	0.015984	0.047952	1.0382	85	128	0.5903	0.7248	DISCARD	R2 Interaction: lfhf_21d_slope x rmssd_7d_autocorr | Examining the interaction between long-term sympathetic activity and short-term parasympathetic autocorrelation, combining features with large effect sizes.	41
20308	composite_r2_20308	0.0	0.777223	0.777223	0.0879	477	907	0.0	0.0	DISCARD	R2 Composite (rmssd_3d_slope+rmssd_3d_autocorr+lfhf_21d_slope+lfhf_21d_autocorr): Evaluating a composite measure of parasympathetic and sympathetic activity, incorporating both slope and autocorrelation features.	41
20309	hr_3d_cv × sleep_qual_21d_mean	0.5256	0.130869	0.196304	0.5164	92	192	0.4531	0.5999	DISCARD	R2 Interaction: hr_3d_cv x sleep_qual_21d_mean | Investigating the interaction between short-term heart rate variability and long-term sleep quality, exploring potential relationships between cardiovascular and sleep indicators.	41
20311	rmssd_3d_slope × lfhf_21d_slope	0.6859	0.097902	0.195804	0.6659	85	128	0.6064	0.755	DISCARD	R2 Interaction: rmssd_3d_slope x lfhf_21d_slope | Examining the interaction between short-term parasympathetic and long-term sympathetic activity, investigating potential balancing effects between these two branches of the autonomic nervous system.	41
20312	composite_r2_20312	0.0	0.775225	0.777223	0.0879	477	907	0.0	0.0	DISCARD	R2 Composite (rmssd_3d_slope+rmssd_3d_autocorr+lfhf_21d_slope+lfhf_21d_autocorr): Evaluating a composite measure of the difference between parasympathetic and sympathetic activity, normalized by their autocorrelation, to capture allostatic load and adaptive capacity.	41
20315	rmssd_3d_slope × lfhf_21d_slope	0.6859	0.107892	0.367632	0.6659	85	128	0.6157	0.7541	DISCARD	R2 Interaction: rmssd_3d_slope x lfhf_21d_slope | Investigating the interaction between short-term parasympathetic activity (rmssd_3d_slope) and long-term sympathetic activity (lfhf_21d_slope) to identify potential markers for depression	42
20317	composite_r2_20317	0.0	0.7003	0.7003	0.1281	306	599	0.0	0.0	DISCARD	R2 Composite (rmssd_7d_mean+hr_7d_mean): Evaluating a composite measure of parasympathetic-vagal balance (rmssd_7d_mean / hr_7d_mean) to identify potential biomarkers for depression	42
20318	lfhf_7d_slope × sleep_qual_21d_mean	0.4699	0.492507	0.656676	0.2243	83	152	0.3874	0.5497	DISCARD	R2 Interaction: lfhf_7d_slope x sleep_qual_21d_mean | Examining the interaction between short-term sympathetic activity (lfhf_7d_slope) and long-term sleep quality (sleep_qual_21d_mean) to identify potential markers for depression	42
20319	rmssd_14d_autocorr × sleep_lat_3d_mean	0.5125	0.183816	0.367632	0.4771	169	274	0.4558	0.567	DISCARD	R2 Interaction: rmssd_14d_autocorr x sleep_lat_3d_mean | Investigating the interaction between long-term parasympathetic activity (rmssd_14d_autocorr) and short-term sleep latency (sleep_lat_3d_mean) to identify potential markers for depression	42
20321	rmssd_3d_slope × hr_3d_cv	0.3038	0.002997	0.017982	0.9228	371	737	0.2668	0.3379	DISCARD	R2 Interaction: rmssd_3d_slope x hr_3d_cv | Examining the interaction between short-term parasympathetic activity and heart rate variability to predict PHQ-9 scores	43
20323	lfhf_21d_slope × rmssd_14d_autocorr	0.6194	0.011988	0.023976	1.0382	85	128	0.5466	0.6987	DISCARD	R2 Interaction: lfhf_21d_slope x rmssd_14d_autocorr | Investigating the interaction between long-term sympathetic activity and short-term parasympathetic oscillations to predict PHQ-9 scores	43
20324	composite_r2_20324	0.0	0.69031	0.828372	0.1281	306	599	0.0	0.0	DISCARD	R2 Composite (rmssd_7d_mean+hr_7d_mean): Evaluating a composite measure of the balance between parasympathetic and sympathetic activity to predict PHQ-9 scores	43
20325	rmssd_3d_slope × sleep_qual_21d_mean	0.4576	0.007992	0.023976	0.7819	92	192	0.3826	0.5307	DISCARD	R2 Interaction: rmssd_3d_slope x sleep_qual_21d_mean | Examining the interaction between short-term parasympathetic activity and long-term sleep quality to predict PHQ-9 scores	43
20327	hr_14d_slope × rmssd_14d_autocorr	0.5348	0.141858	0.212787	0.5103	169	277	0.481	0.5864	DISCARD	R2 Interaction: hr_14d_slope x rmssd_14d_autocorr | Investigating the interaction between long-term heart rate activity and short-term parasympathetic oscillations to predict PHQ-9 scores	43
20328	composite_r2_20328	0.0	0.866134	0.866134	0.0558	306	599	0.0	0.0	DISCARD	R2 Composite (lfhf_7d_mean+rmssd_7d_mean): Evaluating a composite measure of the balance between sympathetic and parasympathetic activity to predict PHQ-9 scores	43
20330	rmssd_3d_slope × lfhf_21d_slope	0.6859	0.092907	0.198551	0.6659	85	128	0.6161	0.7559	DISCARD	R2 Interaction: rmssd_3d_slope x lfhf_21d_slope | Investigating the interaction between short-term parasympathetic activity and long-term sympathetic activity to predict PHQ-9 scores	44
20331	sleep_dur_5d_slope	0.0711	0.158841	0.198551	0.411	408	768	0.0574	0.088	DISCARD	R2 Window: sleep_dur_5d_slope | Detecting change points in sleep duration over a 5-day window to identify individuals with increased risk of depression	44
20332	composite_r2_20332	0.0	0.856144	0.856144	0.0558	306	599	0.0	0.0	DISCARD	R2 Composite (rmssd_7d_mean+lfhf_7d_mean): Evaluating the balance between short-term parasympathetic and sympathetic activity as a predictor of PHQ-9 scores	44
20333	hr_3d_cv × sleep_qual_21d_mean	0.5256	0.096903	0.198551	0.5164	92	192	0.4559	0.5969	DISCARD	R2 Interaction: hr_3d_cv x sleep_qual_21d_mean | Examining the interaction between short-term heart rate variability and long-term sleep quality to predict PHQ-9 scores	44
20334	rmssd_14d_autocorr × lfhf_14d_slope	0.6142	0.145854	0.198551	0.4791	169	277	0.562	0.6649	DISCARD	R2 Interaction: rmssd_14d_autocorr x lfhf_14d_slope | Investigating the interaction between long-term parasympathetic activity and long-term sympathetic activity to predict PHQ-9 scores	44
20336	rmssd_3d_slope × lfhf_21d_slope	0.6859	0.088911	0.177822	0.6659	85	128	0.6153	0.7566	DISCARD	R2 Interaction: rmssd_3d_slope x lfhf_21d_slope | Investigating the interaction between short-term parasympathetic activity and long-term sympathetic activity to predict PHQ-9 scores	45
20338	rmssd_14d_autocorr × hr_14d_slope	0.5348	0.161838	0.242757	0.4791	169	277	0.4825	0.5938	DISCARD	R2 Interaction: rmssd_14d_autocorr x hr_14d_slope | Examining the interaction between long-term parasympathetic activity and long-term heart rate to predict PHQ-9 scores	45
20339	composite_r2_20339	0.0	0.849151	0.849151	0.0558	306	599	0.0	0.0	DISCARD	R2 Composite (rmssd_7d_mean+lfhf_7d_mean): Evaluating the balance between short-term parasympathetic and sympathetic activity using a composite measure to predict PHQ-9 scores	45
20340	rmssd_3d_slope × sleep_qual_21d_mean	0.4576	0.018981	0.056943	0.7819	92	192	0.3799	0.5318	DISCARD	R2 Interaction: rmssd_3d_slope x sleep_qual_21d_mean | Investigating the interaction between short-term parasympathetic activity and long-term sleep quality to predict PHQ-9 scores	45
20342	lfhf_21d_slope × sleep_lat_3d_mean	0.7043	0.016983	0.056943	1.0382	85	128	0.6311	0.7716	DISCARD	R2 Interaction: lfhf_21d_slope x sleep_lat_3d_mean | Examining the interaction between long-term sympathetic activity and short-term sleep latency to predict PHQ-9 scores	45
20343	composite_r2_20343	0.0	0.663337	0.796004	0.1281	306	599	0.0	0.0	DISCARD	R2 Composite (hr_7d_mean+rmssd_7d_mean): Evaluating the balance between short-term heart rate and parasympathetic activity using a composite measure to predict PHQ-9 scores	45
20345	rmssd_3d_slope × lfhf_21d_slope	0.6859	0.093906	0.187812	0.6659	85	128	0.6146	0.7523	DISCARD	R2 Interaction: rmssd_3d_slope x lfhf_21d_slope | Investigating the interaction between short-term parasympathetic activity and long-term sympathetic activity to predict depression	46
20346	rmssd_14d_autocorr × hr_14d_slope	0.5348	0.157842	0.210456	0.4791	169	277	0.4845	0.5888	DISCARD	R2 Interaction: rmssd_14d_autocorr x hr_14d_slope | Examining the interaction between long-term parasympathetic activity and long-term heart rate variability to predict depression	46
20347	composite_r2_20347	0.0	0.861139	0.861139	0.0558	306	599	0.0	0.0	DISCARD	R2 Composite (rmssd_7d_mean+lfhf_7d_mean): Evaluating a composite measure of the balance between short-term parasympathetic and sympathetic activity to predict depression	46
20349	rmssd_3d_slope × sleep_qual_21d_mean	0.4576	0.02997	0.11988	0.7819	92	192	0.3839	0.5331	DISCARD	R2 Interaction: rmssd_3d_slope x sleep_qual_21d_mean | Investigating the interaction between short-term parasympathetic activity and long-term sleep quality to predict depression	46
20351	rmssd_3d_slope × lfhf_21d_slope	0.6859	0.087912	0.135864	0.6659	85	128	0.6149	0.7529	DISCARD	R2 Interaction: rmssd_3d_slope x lfhf_21d_slope | Examining the interaction between short-term parasympathetic activity and long-term sympathetic activity to identify potential biomarkers for depression	47
20352	hr_3d_cv × sleep_qual_21d_mean	0.5256	0.101898	0.135864	0.5164	92	192	0.4568	0.5976	DISCARD	R2 Interaction: hr_3d_cv x sleep_qual_21d_mean | Investigating the relationship between short-term heart rate variability and long-term sleep quality to better understand their combined effects on depression	47
20354	composite_r2_20354	0.0	0.836164	0.836164	0.0558	306	599	0.0	0.0	DISCARD	R2 Composite (rmssd_7d_mean+lfhf_7d_mean): Evaluating a composite measure of the balance between short-term parasympathetic and sympathetic activity to identify potential biomarkers for depression	47
20355	rmssd_3d_slope × sleep_lat_3d_mean	0.4723	0.002997	0.011988	0.9897	333	670	0.4306	0.5104	DISCARD	R2 Interaction: rmssd_3d_slope x sleep_lat_3d_mean | Examining the interaction between short-term parasympathetic activity and sleep latency to better understand their combined effects on depression	47
20357	rmssd_3d_slope × lfhf_21d_slope	0.6859	0.108891	0.163337	0.6659	85	128	0.6139	0.7505	DISCARD	R2 Interaction: rmssd_3d_slope x lfhf_21d_slope | Investigating the interaction between short-term parasympathetic activity and long-term sympathetic activity to predict PHQ-9 scores	48
20359	composite_r2_20359	0.0	0.684316	0.684316	0.1281	306	599	0.0	0.0	DISCARD	R2 Composite (rmssd_7d_mean+hr_7d_mean): Evaluating a composite measure of the balance between parasympathetic and sympathetic activity to predict PHQ-9 scores	48
20360	lfhf_21d_slope × sleep_qual_21d_mean	0.7602	0.013986	0.041958	1.0571	60	93	0.6831	0.8368	DISCARD	R2 Interaction: lfhf_21d_slope x sleep_qual_21d_mean | Examining the interaction between long-term sympathetic activity and mean sleep quality over 21 days to predict PHQ-9 scores	48
20363	rmssd_3d_slope × lfhf_21d_slope	0.6859	0.092907	0.139361	0.6659	85	128	0.6161	0.7594	DISCARD	R2 Interaction: rmssd_3d_slope x lfhf_21d_slope | Investigating the interaction between short-term parasympathetic activity and long-term sympathetic activity	49
20365	composite_r2_20365	0.0	0.677323	0.677323	0.1281	306	599	0.0	0.0	DISCARD	R2 Composite (rmssd_7d_mean+hr_7d_mean): Evaluating a composite measure of the balance between short-term parasympathetic and sympathetic activity	49
20366	lfhf_21d_slope × sleep_qual_21d_mean	0.7602	0.006993	0.020979	1.0571	60	93	0.6851	0.8323	DISCARD	R2 Interaction: lfhf_21d_slope x sleep_qual_21d_mean | Examining the interaction between long-term sympathetic activity and sleep quality	49
20369	rmssd_3d_slope × lfhf_21d_slope	0.6859	0.090909	0.121212	0.6659	85	128	0.6152	0.7583	DISCARD	R2 Interaction: rmssd_3d_slope x lfhf_21d_slope | Investigating the interaction between short-term parasympathetic activity and long-term sympathetic activity to identify potential biomarkers for depression	50
20370	rmssd_3d_slope × sleep_qual_21d_mean	0.4576	0.011988	0.045954	0.7819	92	192	0.3819	0.537	DISCARD	R2 Interaction: rmssd_3d_slope x sleep_qual_21d_mean | Examining the relationship between short-term parasympathetic activity and long-term sleep quality to understand their combined impact on depressive symptoms	50
20372	composite_r2_20372	0.0	0.688312	0.688312	0.1281	306	599	0.0	0.0	DISCARD	R2 Composite (rmssd_7d_mean+hr_7d_mean): Evaluating a composite measure of the balance between short-term parasympathetic and sympathetic activity to identify potential biomarkers for depression	50
20373	lfhf_21d_slope × sleep_lat_3d_mean	0.7043	0.022977	0.045954	1.0382	85	128	0.6369	0.765	DISCARD	R2 Interaction: lfhf_21d_slope x sleep_lat_3d_mean | Investigating the interaction between long-term sympathetic activity and short-term sleep latency to understand their combined impact on depressive symptoms	50
